{"loc":{"x":23.657470703125,"y":5.31982421875,"z":19.369873046875}}