{"loc":{"x":11.307861328125,"y":4.59521484375,"z":15.330810546875}}